{
  "low": {
    "llama-1b": {
      "completion": {
        "baseline": 54.62822458270106,
        "ours": 58.99089529590288,
        "delta": 4.3626707132018225,
        "run": "completion_llama-1b_eyemulator_lora32_w4_seed42"
      },
      "translation": {
        "baseline": 38.27751196172249,
        "ours": 41.985645933014354,
        "delta": 3.708133971291865,
        "run": "translation_llama-1b_eyemulator_lora32_w4_seed42"
      },
      "summarization": {
        "baseline": 33.89701264883326,
        "ours": 35.336709521250384,
        "delta": 1.439696872417123,
        "run": "summarization_llama-1b_eyemulator_r16_seed42"
      }
    },
    "deepseek-1b": {
      "completion": {
        "baseline": 33.952959028831565,
        "ours": 34.256449165402124,
        "delta": 0.30349013657055934,
        "run": "completion_deepseek-1b_eyemulator_lora64_w4_lr1e4_seed42"
      },
      "translation": {
        "baseline": 22.248803827751196,
        "ours": 24.641148325358852,
        "delta": 2.392344497607656,
        "run": "translation_deepseek-1b_eyemulator_lora32_w4_seed12345"
      },
      "summarization": {
        "baseline": 36.7023767695325,
        "ours": 38.67502663569394,
        "delta": 1.97264986616144,
        "run": "summarization_deepseek-1b_eyemulator_r16_w4_tokfix_seed42"
      }
    },
    "starcoder-1b": {
      "completion": {
        "baseline": 50.53110773899848,
        "ours": 50.834597875569045,
        "delta": 0.30349013657056645,
        "run": "completion_starcoder-1b_eyemulator_lora32_w4_seed12345"
      },
      "translation": {
        "baseline": 37.44019138755981,
        "ours": 42.464114832535884,
        "delta": 5.023923444976077,
        "run": "translation_starcoder-1b_eyemulator_lora32_w4_seed12345"
      },
      "summarization": {
        "baseline": 36.612222149874604,
        "ours": 38.37262346755868,
        "delta": 1.760401317684078,
        "run": "summarization_starcoder-1b_eyemulator_r8_w4_seed42"
      }
    },
    "qwen35-2b": {
      "completion": {
        "baseline": 55.00758725341427,
        "ours": 56.48710166919575,
        "delta": 1.4795144157814804,
        "run": "completion_qwen35-2b_eyemulator_lora32_w4_seed42"
      },
      "translation": {
        "baseline": 36.36363636363637,
        "ours": 42.942583732057415,
        "delta": 6.578947368421048,
        "run": "translation_qwen35-2b_eyemulator_lora32_w4_seed42"
      },
      "summarization": {
        "baseline": 30.680803748412238,
        "ours": 32.38383237506469,
        "delta": 1.7030286266524541,
        "run": "summarization_qwen35-2b_eyemulator_r8_w4_seed12345"
      }
    },
    "smollm3-3b": {
      "completion": {
        "baseline": 57.09408194233687,
        "ours": 58.877086494688925,
        "delta": 1.783004552352054,
        "run": "completion_smollm3-3b_eyemulator_lora32_w4_seed42"
      },
      "translation": {
        "baseline": 37.55980861244019,
        "ours": 41.327751196172244,
        "delta": 3.767942583732051,
        "run": "translation_smollm3-3b_eyemulator_lora32_seed42"
      },
      "summarization": {
        "baseline": 27.638049757953233,
        "ours": 30.75649295153877,
        "delta": 3.118443193585538,
        "run": "summarization_smollm3-3b_eyemulator_r8_w4_seed42"
      }
    },
    "granite-2b": {
      "completion": {
        "baseline": 49.46889226100152,
        "ours": 50.986342943854325,
        "delta": 1.5174506828528038,
        "run": "completion_granite-2b_eyemulator_lora32_w4_seed42"
      },
      "translation": {
        "baseline": 37.67942583732057,
        "ours": 40.66985645933015,
        "delta": 2.990430622009576,
        "run": "translation_granite-2b_eyemulator_lora32_w4_seed12345"
      },
      "summarization": {
        "baseline": 34.07142857244944,
        "ours": 36.14404686802574,
        "delta": 2.072618295576298,
        "run": "summarization_granite-2b_eyemulator_r8_w4_seed42"
      }
    }
  },
  "full": {
    "llama-1b": {
      "completion": {
        "baseline": 59.597875569044,
        "ours": 61.305007587253414,
        "delta": 1.707132018209414,
        "run": "completion_llama-1b_eyemulator_lora32_w4_seed42"
      },
      "translation": {
        "baseline": 56.9377990430622,
        "ours": 60.526315789473685,
        "delta": 3.5885167464114858,
        "run": "translation_llama-1b_eyemulator_lora32_w4_seed12345"
      },
      "summarization": {
        "baseline": 37.37778889742142,
        "ours": 38.38509715447889,
        "delta": 1.007308257057474,
        "run": "summarization_llama-1b_eyemulator_r16_w4_seed42"
      }
    },
    "deepseek-1b": {
      "completion": {
        "baseline": 37.2154779969651,
        "ours": 38.01213960546283,
        "delta": 0.7966616084977289,
        "run": "completion_deepseek-1b_eyemulator_lora32_w4_seed42"
      },
      "translation": {
        "baseline": 33.433014354066984,
        "ours": 34.98803827751196,
        "delta": 1.5550239234449776,
        "run": "translation_deepseek-1b_eyemulator_lora32_w4_seed12345"
      },
      "summarization": {
        "baseline": 38.909898371548515,
        "ours": 39.381871333924444,
        "delta": 0.47197296237592923,
        "run": "summarization_deepseek-1b_eyemulator_r16_w4_tokfix_seed12345"
      }
    },
    "starcoder-1b": {
      "completion": {
        "baseline": 50.79666160849773,
        "ours": 50.910470409711685,
        "delta": 0.1138088012139562,
        "run": "completion_starcoder-1b_eyemulator_lora32_w4_seed12345"
      },
      "translation": {
        "baseline": 58.25358851674641,
        "ours": 61.36363636363637,
        "delta": 3.1100478468899553,
        "run": "translation_starcoder-1b_eyemulator_lora32_w4_seed12345"
      },
      "summarization": {
        "baseline": 39.95449819397799,
        "ours": 40.49284849973257,
        "delta": 0.5383503057545767,
        "run": "summarization_starcoder-1b_eyemulator_r16_w4_seed12345"
      }
    },
    "qwen35-2b": {
      "completion": {
        "baseline": 56.183611532625186,
        "ours": 56.79059180576631,
        "delta": 0.6069802731411258,
        "run": "completion_qwen35-2b_eyemulator_lora32_w4_seed42"
      },
      "translation": {
        "baseline": 57.17703349282297,
        "ours": 62.08133971291866,
        "delta": 4.904306220095691,
        "run": "translation_qwen35-2b_eyemulator_lora32_w4_seed12345"
      },
      "summarization": {
        "baseline": 37.02508385575566,
        "ours": 38.050504274774234,
        "delta": 1.0254204190185732,
        "run": "summarization_qwen35-2b_eyemulator_r16_w2_lr1e4_seed12345"
      }
    },
    "smollm3-3b": {
      "completion": {
        "baseline": 59.67374810318664,
        "ours": 60.58421851289834,
        "delta": 0.9104704097116993,
        "run": "completion_smollm3-3b_eyemulator_lora32_w4_seed42"
      },
      "translation": {
        "baseline": 55.74162679425837,
        "ours": 60.16746411483253,
        "delta": 4.425837320574161,
        "run": "translation_smollm3-3b_eyemulator_lora32_w4_seed12345"
      },
      "summarization": {
        "baseline": 35.818463499961865,
        "ours": 36.69858805787307,
        "delta": 0.880124557911202,
        "run": "summarization_smollm3-3b_eyemulator_r16_w2_lr1e4_seed42"
      }
    },
    "granite-2b": {
      "completion": {
        "baseline": 50.30349013657056,
        "ours": 52.27617602427921,
        "delta": 1.97268588770865,
        "run": "completion_granite-2b_eyemulator_lora32_w4_seed42"
      },
      "translation": {
        "baseline": 55.50239234449761,
        "ours": 61.48325358851675,
        "delta": 5.980861244019145,
        "run": "translation_granite-2b_eyemulator_lora32_w4_seed42"
      },
      "summarization": {
        "baseline": 39.913499538821654,
        "ours": 40.36817209474313,
        "delta": 0.4546725559214764,
        "run": "summarization_granite-2b_eyemulator_r8_w4_seed12345"
      }
    }
  }
}