{
  "completion": {
    "Concurrency/Lambda": {
      "n": 166,
      "Baseline": 64.45783132530121,
      "R": 67.46987951807229,
      "W": 70.48192771084338,
      "Full": 72.89156626506023,
      "Random": 69.27710843373494,
      "Semantic only": 69.87951807228916,
      "Rarity only": 71.08433734939759
    },
    "Control Flow": {
      "n": 449,
      "Baseline": 74.61024498886414,
      "R": 77.9510022271715,
      "W": 79.51002227171492,
      "Full": 79.51002227171492,
      "Random": 78.84187082405344,
      "Semantic only": 77.9510022271715,
      "Rarity only": 76.83741648106904
    },
    "Boilerplate": {
      "n": 452,
      "Baseline": 98.89380530973452,
      "R": 99.11504424778761,
      "W": 99.11504424778761,
      "Full": 99.11504424778761,
      "Random": 99.11504424778761,
      "Semantic only": 99.11504424778761,
      "Rarity only": 98.67256637168141
    },
    "Linear Body": {
      "n": 32,
      "Baseline": 100.0,
      "R": 100.0,
      "W": 100.0,
      "Full": 100.0,
      "Random": 100.0,
      "Semantic only": 100.0,
      "Rarity only": 100.0
    },
    "JUnit Fixture": {
      "n": 219,
      "Baseline": 72.6027397260274,
      "R": 74.42922374429224,
      "W": 74.42922374429224,
      "Full": 74.88584474885845,
      "Random": 74.42922374429224,
      "Semantic only": 73.51598173515981,
      "Rarity only": 73.97260273972603
    },
    "Overall": {
      "n": 1318,
      "Baseline": 81.94233687405159,
      "R": 83.8391502276176,
      "W": 84.74962063732929,
      "Full": 85.12898330804249,
      "Random": 84.37025796661608,
      "Semantic only": 83.99089529590287,
      "Rarity only": 83.68740515933231
    }
  },
  "translation": {
    "Multi-stmt Ctrl.": {
      "n": 122,
      "Baseline": 13.934426229508196,
      "R": 22.131147540983605,
      "W": 20.491803278688526,
      "Full": 21.311475409836063,
      "Random": 18.852459016393443,
      "Semantic only": 22.131147540983605,
      "Rarity only": 22.950819672131146
    },
    "Exceptions": {
      "n": 80,
      "Baseline": 25.0,
      "R": 31.25,
      "W": 30.0,
      "Full": 33.75,
      "Random": 33.75,
      "Semantic only": 27.500000000000004,
      "Rarity only": 33.75
    },
    "Generics/Coll.": {
      "n": 33,
      "Baseline": 42.42424242424242,
      "R": 45.45454545454545,
      "W": 48.484848484848484,
      "Full": 45.45454545454545,
      "Random": 48.484848484848484,
      "Semantic only": 39.39393939393939,
      "Rarity only": 42.42424242424242
    },
    "Inheritance": {
      "n": 16,
      "Baseline": 25.0,
      "R": 31.25,
      "W": 31.25,
      "Full": 31.25,
      "Random": 31.25,
      "Semantic only": 31.25,
      "Rarity only": 25.0
    },
    "Primitives/Ops": {
      "n": 585,
      "Baseline": 72.99145299145299,
      "R": 74.1880341880342,
      "W": 73.50427350427351,
      "Full": 72.3076923076923,
      "Random": 72.82051282051282,
      "Semantic only": 73.16239316239316,
      "Rarity only": 73.50427350427351
    },
    "Overall": {
      "n": 836,
      "Baseline": 57.655502392344495,
      "R": 60.526315789473685,
      "W": 59.80861244019139,
      "Full": 59.33014354066985,
      "Random": 59.44976076555024,
      "Semantic only": 59.210526315789465,
      "Rarity only": 60.16746411483253
    }
  },
  "summarization": {
    "API Contract": {
      "n": 212,
      "Baseline": 25.777064037143667,
      "R": 27.778874429489754,
      "W": 28.005998987988832,
      "Full": 27.810797822466327,
      "Random": 27.36055002161596,
      "Semantic only": 28.165792177962253,
      "Rarity only": 28.331022179102135
    },
    "Async/Concur.": {
      "n": 113,
      "Baseline": 25.85375982002171,
      "R": 28.787726731597235,
      "W": 26.873570428619843,
      "Full": 26.301194833859405,
      "Random": 27.502187266045524,
      "Semantic only": 28.402328573438357,
      "Rarity only": 28.964554858010434
    },
    "Annotations": {
      "n": 233,
      "Baseline": 29.715190242237444,
      "R": 31.520430710639864,
      "W": 31.067971355325945,
      "Full": 29.58040460096502,
      "Random": 30.78043364536806,
      "Semantic only": 30.382228319509537,
      "Rarity only": 30.048849639829918
    },
    "Param Docs": {
      "n": 230,
      "Baseline": 29.836161301574293,
      "R": 31.878748492583263,
      "W": 32.550945367042004,
      "Full": 32.60813108742717,
      "Random": 31.87407142224985,
      "Semantic only": 32.552649541727114,
      "Rarity only": 32.24704419096573
    },
    "Return/Except.": {
      "n": 307,
      "Baseline": 30.88197071134435,
      "R": 34.53137505059937,
      "W": 34.16533588776674,
      "Full": 34.38317602028148,
      "Random": 34.45943861878089,
      "Semantic only": 35.40184055179271,
      "Rarity only": 35.31778608593677
    },
    "Overall": {
      "n": 1095,
      "Baseline": 28.906788922121496,
      "R": 31.43346041016398,
      "W": 31.222190065427103,
      "Full": 30.881884579861634,
      "Random": 31.041195331597887,
      "Semantic only": 31.61200430408206,
      "Rarity only": 31.543318592977084
    }
  }
}