{
  "completion": {
    "Concurrency/Lambda": {
      "n": 166,
      "Baseline": 43.674698795180724,
      "R": 45.48192771084337,
      "W": 46.98795180722892,
      "Full": 48.19277108433735
    },
    "Complex Control Flow": {
      "n": 449,
      "Baseline": 43.87527839643652,
      "R": 45.5456570155902,
      "W": 46.32516703786192,
      "Full": 46.32516703786192
    },
    "Structural Boilerplate": {
      "n": 452,
      "Baseline": 85.61946902654867,
      "R": 85.95132743362832,
      "W": 85.95132743362832,
      "Full": 85.95132743362832
    },
    "Linear Method Body": {
      "n": 32,
      "Baseline": 100.0,
      "R": 100.0,
      "W": 100.0,
      "Full": 100.0
    },
    "JUnit Test Fixture": {
      "n": 219,
      "Baseline": 44.29223744292237,
      "R": 45.20547945205479,
      "W": 45.20547945205479,
      "Full": 45.4337899543379
    },
    "Overall": {
      "n": 1318,
      "Baseline": 59.597875569044,
      "R": 60.66009104704098,
      "W": 61.11532625189682,
      "Full": 61.305007587253414
    }
  },
  "translation": {
    "Multi-statement Control Flow": {
      "n": 122,
      "Baseline": 13.934426229508196,
      "R": 21.721311475409834,
      "W": 20.491803278688526,
      "Full": 20.901639344262296
    },
    "Exception Handling": {
      "n": 80,
      "Baseline": 25.0,
      "R": 31.25,
      "W": 30.0,
      "Full": 33.75
    },
    "Generics & Collections": {
      "n": 33,
      "Baseline": 42.42424242424242,
      "R": 45.45454545454545,
      "W": 48.484848484848484,
      "Full": 45.45454545454545
    },
    "Inheritance/Override": {
      "n": 16,
      "Baseline": 25.0,
      "R": 31.25,
      "W": 31.25,
      "Full": 31.25
    },
    "Primitives & Operators": {
      "n": 585,
      "Baseline": 72.99145299145299,
      "R": 74.1880341880342,
      "W": 73.50427350427351,
      "Full": 72.3076923076923
    },
    "Overall": {
      "n": 836,
      "Baseline": 57.655502392344495,
      "R": 60.46650717703349,
      "W": 59.80861244019139,
      "Full": 59.27033492822966
    }
  },
  "summarization": {
    "API Contract": {
      "n": 212,
      "Baseline": 32.57940808240225,
      "R": 32.1481880554762,
      "W": 32.31602681271104,
      "Full": 32.457176174783356
    },
    "Async/Concurrency": {
      "n": 113,
      "Baseline": 34.77349286484155,
      "R": 35.572611461921774,
      "W": 34.37028464984075,
      "Full": 34.889735339188
    },
    "Annotations/Lifecycle": {
      "n": 233,
      "Baseline": 37.595330990747506,
      "R": 37.05346854903301,
      "W": 37.059762188807554,
      "Full": 36.23833827351648
    },
    "Parameter Docs": {
      "n": 230,
      "Baseline": 39.09616691119089,
      "R": 40.53904524058319,
      "W": 41.00580994601433,
      "Full": 40.87186355276471
    },
    "Return/Exception Semantics": {
      "n": 307,
      "Baseline": 40.19742386013683,
      "R": 42.72162111298306,
      "W": 42.679097261808494,
      "Full": 42.349017802449865
    },
    "Overall": {
      "n": 1095,
      "Baseline": 37.37778889742142,
      "R": 38.27223490584725,
      "W": 38.26811286454558,
      "Full": 38.05358113479419
    }
  }
}