{
  "completion": {
    "metric": "H-Exact",
    "Baseline": 59.597875569044,
    "Full": 61.305007587253414,
    "Reading": 60.66009104704098,
    "Writing": 61.11532625189682,
    "Random": 60.925644916540215,
    "Semantic only": 60.73596358118362,
    "Rarity only": 60.39453717754173
  },
  "translation": {
    "metric": "H-Exact",
    "Baseline": 57.655502392344495,
    "Full": 59.27033492822966,
    "Reading": 60.46650717703349,
    "Writing": 59.80861244019139,
    "Random": 59.44976076555024,
    "Semantic only": 59.210526315789465,
    "Rarity only": 60.16746411483253
  },
  "summarization": {
    "metric": "ROUGE-L",
    "Baseline": 37.37778889742142,
    "Full": 38.05358113479419,
    "Reading": 38.27223490584725,
    "Writing": 38.26811286454558,
    "Random": 37.96718340473599,
    "Semantic only": 38.381598074981724,
    "Rarity only": 38.23294141324652
  }
}