{
  "metric_definitions": {
    "completion": "Exact Match on minified code",
    "translation": "Exact Match on minified code",
    "summarization": "METEOR with whitespace tokenization",
    "parentheses": "Relative percentage drop from Full"
  },
  "notes": [
    "Uniform SFT baselines are reported in the main RQ2 table and are not repeated here.",
    "The component ablation table isolates complete variant sweeps where Full is the reference row."
  ],
  "llama": {
    "completion": {
      "Full": 85.12898330804249,
      "No semantic": 83.68740515933231,
      "No rarity/flow": 83.99089529590287,
      "Random": 84.37025796661608
    }
  },
  "deepseek": {
    "translation": {
      "Full": 65.66125290023202,
      "No semantic": 53.1322505800464,
      "No rarity/flow": 53.1322505800464,
      "Random": 52.43619489559165
    },
    "summarization": {
      "Full": 33.9182971650391,
      "No semantic": 30.111764774509426,
      "No rarity/flow": 30.22115802848836,
      "Random": 30.22115802848836
    }
  },
  "starcoder": {
    "translation": {
      "Full": 64.96519721577726,
      "No semantic": 50.34802784222738,
      "No rarity/flow": 51.04408352668213,
      "Random": 51.74013921113689
    },
    "summarization": {
      "Full": 33.41392322056554,
      "No semantic": 30.924417559436495,
      "No rarity/flow": 30.973734346522663,
      "Random": 31.0847334937471
    }
  }
}
